Id,Codigo,Descripcion,CreadoPor,FechaCreacion,ModificadoPor,FechaModificacion,CreadoPorId,ModificadoPorId
1,01111,Cultivo de cereales excepto arroz y para forrajes,,,,,,
2,01112,Cultivo de legumbres,,,,,,
3,01113,Cultivo de semillas oleaginosas,,,,,,
4,01114,Cultivo de plantas para la preparación de semillas,,,,,,
5,01119,Cultivo de otros cereales excepto arroz y forrajeros n.c.p.,,,,,,
6,01120,Cultivo de arroz,,,,,,
7,01131,Cultivo de raíces y tubérculos,,,,,,
8,01132,"Cultivo de brotes, bulbos, vegetales tubérculos y cultivos similares",,,,,,
9,01133,Cultivo hortícola de fruto,,,,,,
10,01134,Cultivo de hortalizas de hoja y otras hortalizas ncp,,,,,,
11,01140,Cultivo de caña de azúcar,,,,,,
12,01150,Cultivo de tabaco,,,,,,
13,01161,Cultivo de algodón,,,,,,
14,01162,Cultivo de fibras vegetales excepto algodón,,,,,,
15,01191,Cultivo de plantas no perennes para la producción de semillas y flores,,,,,,
16,01192,Cultivo de cereales y pastos para la alimentación animal,,,,,,
17,01199,Producción de cultivos no estacionales ncp,,,,,,
18,01220,Cultivo de frutas tropicales,,,,,,
19,01230,Cultivo de cítricos,,,,,,
20,01240,Cultivo de frutas de pepita y hueso,,,,,,
21,01251,Cultivo de frutas ncp,,,,,,
22,01252,Cultivo de otros frutos y nueces de árboles y arbustos,,,,,,
23,01260,Cultivo de frutos oleaginosos,,,,,,
24,01271,Cultivo de café,,,,,,
25,01272,Cultivo de plantas para la elaboración de bebidas excepto café,,,,,,
26,01281,Cultivo de especias y aromáticas,,,,,,
27,01282,Cultivo de plantas para la obtención de productos medicinales y farmacéuticos,,,,,,
28,01291,Cultivo de árboles de hule (caucho) para la obtención de látex,,,,,,
29,01292,Cultivo de plantas para la obtención de productos químicos y colorantes,,,,,,
30,01299,Producción de cultivos perennes ncp,,,,,,
31,01300,Propagación de plantas,,,,,,
32,01301,Cultivo de plantas y flores ornamentales,,,,,,
33,01410,Cría y engorde de ganado bovino,,,,,,
34,01420,Cría de caballos y otros equinos,,,,,,
35,01440,Cría de ovejas y cabras,,,,,,
36,01450,Cría de cerdos,,,,,,
37,01460,Cría de aves de corral y producción de huevos,,,,,,
38,01491,Cría de abejas apicultura para la obtención de miel y otros productos apícolas,,,,,,
39,01492,Cría de conejos,,,,,,
40,01493,Cría de iguanas y garrobos,,,,,,
41,01494,Cría de mariposas y otros insectos,,,,,,
42,01499,Cría y obtención de productos animales n.c.p.,,,,,,
43,01500,Cultivo de productos agrícolas en combinación con la cría de animales,,,,,,
44,01611,Servicios de maquinaria agrícola,,,,,,
45,01612,Control de plagas,,,,,,
46,01613,Servicios de riego,,,,,,
47,01614,Servicios de contratación de mano de obra para la agricultura,,,,,,
48,01619,Servicios agrícolas ncp,,,,,,
49,01621,"Actividades para mejorar la reproducción, el crecimiento y el rendimiento de los animales y sus productos",,,,,,
50,01622,Servicios de mano de obra pecuaria,,,,,,
51,01629,Servicios pecuarios ncp,,,,,,
52,01631,Labores post cosecha de preparación de los productos agrícolas para su comercialización o para la industria,,,,,,
53,01632,Servicio de beneficio de café,,,,,,
54,01633,Servicio de beneficiado de plantas textiles (incluye el beneficiado cuando este es realizado en la misma explotación agropecuaria),,,,,,
55,01640,Tratamiento de semillas para la propagación,,,,,,
56,01700,"Caza ordinaria y mediante trampas, repoblación de animales de caza y servicios conexos",,,,,,
57,02100,Silvicultura y otras actividades forestales,,,,,,
58,02200,Extracción de madera,,,,,,
59,02300,Recolección de productos diferentes a la madera,,,,,,
60,02400,Servicios de apoyo a la silvicultura,,,,,,
61,03110,Pesca marítima de altura y costera,,,,,,
62,03120,Pesca de agua dulce,,,,,,
63,03210,Acuicultura marítima,,,,,,
64,03220,Acuicultura de agua dulce,,,,,,
65,03300,Servicios de apoyo a la pesca y acuicultura,,,,,,
66,05100,Extracción de hulla,,,,,,
67,05200,Extracción y aglomeración de lignito,,,,,,
68,06100,Extracción de petróleo crudo,,,,,,
69,06200,Extracción de gas natural,,,,,,
70,07100,Extracción de minerales de hierro,,,,,,
71,07210,Extracción de minerales de uranio y torio,,,,,,
72,07290,Extracción de minerales metalíferos no ferrosos,,,,,,
73,08100,"Extracción de piedra, arena y arcilla",,,,,,
74,08910,Extracción de minerales para la fabricación de abonos y productos químicos,,,,,,
75,08920,Extracción y aglomeración de turba,,,,,,
76,08930,Extracción de sal,,,,,,
77,08990,Explotación de otras minas y canteras ncp,,,,,,
78,09100,Actividades de apoyo a la extracción de petróleo y gas natural,,,,,,
79,09900,Actividades de apoyo a la explotación de minas y canteras,,,,,,
80,10101,Servicio de rastros y mataderos de bovinos y porcinos,,,,,,
81,10102,Matanza y procesamiento de bovinos y porcinos,,,,,,
82,10103,Matanza y procesamientos de aves de corral,,,,,,
83,10104,Elaboración y conservación de embutidos y tripas naturales,,,,,,
84,10105,Servicios de conservación y empaque de carnes,,,,,,
85,10106,Elaboración y conservación de grasas y aceites animales,,,,,,
86,10107,Servicios de molienda de carne,,,,,,
87,10108,Elaboración de productos de carne ncp,,,,,,
88,10201,"Procesamiento y conservación de pescado, crustáceos y moluscos",,,,,,
89,10209,Fabricación de productos de pescado ncp,,,,,,
90,10301,Elaboración de jugos de frutas y hortalizasv,,,,,,
91,10302,"Elaboración y envase de jaleas, mermeladas y frutas deshidratadas",,,,,,
92,10309,Elaboración de productos de frutas y hortalizas n.c.p.,,,,,,
93,10401,Fabricación de aceites y grasas vegetales y animales comestibles,,,,,,
94,10402,Fabricación de aceites y grasas vegetales y animales no comestibles,,,,,,
95,10409,Servicio de maquilado de aceites,,,,,,
96,10501,Fabricación de productos lácteos excepto sorbetes y quesos sustitutos,,,,,,
97,10502,Fabricación de sorbetes y helados,,,,,,
98,10503,Fabricación de quesos,,,,,,
99,10611,Molienda de cereales,,,,,,
100,10612,Elaboración de cereales para el desayuno y similares,,,,,,
101,10613,Servicios de beneficiado de productos agrícolas ncp (excluye Beneficio de azúcar rama 1072 y beneficio de café rama 0163),,,,,,
102,10621,Fabricación de almidón,,,,,,
103,10628,Servicio de molienda de maíz húmedo molino para nixtamal,,,,,,
104,10711,Elaboración de tortillas,,,,,,
105,10712,"Fabricación de pan, galletas y barquillos",,,,,,
106,10713,Fabricación de repostería,,,,,,
107,10721,Ingenios azucareros,,,,,,
108,10722,Molienda de caña de azúcar para la elaboración de dulces,,,,,,
109,10723,Elaboración de jarabes de azúcar y otros similares,,,,,,
110,10724,Maquilado de azúcar de caña,,,,,,
111,10730,"Fabricación de cacao, chocolates y productos de confitería",,,,,,
112,10740,"Elaboración de macarrones, fideos, y productos farináceos similares",,,,,,
113,10750,Elaboración de comidas y platos preparados para la reventa en locales y/o para exportación,,,,,,
114,10791,Elaboración de productos de café,,,,,,
115,10792,"Elaboración de especies, sazonadores y condimentos",,,,,,
116,10793,"Elaboración de sopas, cremas y consomé",,,,,,
117,10794,Fabricación de bocadillos tostados y/o fritos,,,,,,
118,10799,Elaboración de productos alimenticios ncp,,,,,,
119,10800,Elaboración de alimentos preparados para animales,,,,,,
120,11012,Fabricación de aguardiente y licores,,,,,,
121,11020,Elaboración de vinos,,,,,,
122,11030,Fabricación de cerveza,,,,,,
123,11041,Fabricación de aguas gaseosas,,,,,,
124,11042,Fabricación y envasado de agua,,,,,,
125,11043,Elaboración de refrescos,,,,,,
126,11048,Maquilado de aguas gaseosas,,,,,,
127,11049,Elaboración de bebidas no alcohólicas,,,,,,
128,12000,Elaboración de productos de tabaco,,,,,,
129,13111,Preparación de fibras textiles,,,,,,
130,13112,Fabricación de hilados,,,,,,
131,13120,Fabricación de telas,,,,,,
132,13130,Acabado de productos textiles,,,,,,
133,13910,Fabricación de tejidos de punto y ganchillo,,,,,,
134,13921,Fabricación de productos textiles para el hogar,,,,,,
135,13922,"Sacos, bolsas y otros artículos textiles",,,,,,
136,13929,"Fabricación de artículos confeccionados con materiales textiles, excepto prendas de vestir ncp",,,,,,
137,13930,Fabricación de tapices y alfombras,,,,,,
138,13941,"Fabricación de cuerdas de henequén y otras fibras naturales (lazos, pitas)",,,,,,
139,13942,Fabricación de redes de diversos materiales,,,,,,
140,13948,"Maquilado de productos trenzables de cualquier material (petates, sillas, etc.)",,,,,,
141,13991,"Fabricación de adornos, etiquetas y otros artículos para prendas de vestir",,,,,,
142,13992,Servicio de bordados en artículos y prendas de tela,,,,,,
143,13999,Fabricación de productos textiles ncp,,,,,,
144,14101,"Fabricación de ropa interior, para dormir y similares",,,,,,
145,14102,Fabricación de ropa para niños,,,,,,
146,14103,Fabricación de prendas de vestir para ambos sexos,,,,,,
147,14104,Confección de prendas a medida,,,,,,
148,14105,Fabricación de prendas de vestir para deportes,,,,,,
149,14106,Elaboración de artesanías de uso personal confeccionadas especialmente de materiales textiles,,,,,,
150,14108,"Maquilado de prendas de vestir, accesorios y otros",,,,,,
151,14109,Fabricación de prendas y accesorios de vestir n.c.p.,,,,,,
152,14200,Fabricación de artículos de piel,,,,,,
153,14301,"Fabricación de calcetines, calcetas, medias (panty house) y otros similares",,,,,,
154,14302,Fabricación de ropa interior de tejido de punto,,,,,,
155,14309,Fabricación de prendas de vestir de tejido de punto ncp,,,,,,
156,15110,"Curtido y adobo de cueros, adobo y teñido de pieles",,,,,,
157,15121,"Fabricación de maletas, bolsos de mano y otros artículos de marroquinería",,,,,,
158,15122,"Fabricación de monturas, accesorios y vainas talabartería",,,,,,
159,15123,Fabricación de artesanías principalmente de cuero natural y sintético,,,,,,
160,15128,"Maquilado de artículos de cuero natural, sintético y de otros materiales",,,,,,
161,15201,Fabricación de calzado,,,,,,
162,15202,Fabricación de partes y accesorios de calzado,,,,,,
163,15208,Maquilado de partes y accesorios de calzado,,,,,,
164,16100,Aserradero y acepilladura de madera,,,,,,
165,16210,"Fabricación de madera laminada, terciada, enchapada y contrachapada, paneles para la construcción",,,,,,
166,16220,Fabricación de partes y piezas de carpintería para edificios y construcciones,,,,,,
167,16230,Fabricación de envases y recipientes de madera,,,,,,
168,16292,"Fabricación de artesanías de madera, semillas, materiales trenzables",,,,,,
169,16299,"Fabricación de productos de madera, corcho, paja y materiales trenzables ncp",,,,,,
170,17010,"Fabricación de pasta de madera, papel y cartón",,,,,,
171,17020,Fabricación de papel y cartón ondulado y envases de papel y cartón,,,,,,
172,17091,Fabricación de artículos de papel y cartón de uso personal y doméstico,,,,,,
173,17092,Fabricación de productos de papel ncp,,,,,,
174,18110,Impresión,,,,,,
175,18120,Servicios relacionados con la impresión,,,,,,
176,18200,Reproducción de grabaciones,,,,,,
177,19100,Fabricación de productos de hornos de coque,,,,,,
178,19201,Fabricación de combustible,,,,,,
179,19202,Fabricación de aceites y lubricantes,,,,,,
180,20111,Fabricación de materias primas para la fabricación de colorantes,,,,,,
181,20112,Fabricación de materiales curtientes,,,,,,
182,20113,Fabricación de gases industriales,,,,,,
183,20114,Fabricación de alcohol etílico,,,,,,
184,20119,Fabricación de sustancias químicas básicas,,,,,,
185,20120,Fabricación de abonos y fertilizantes,,,,,,
186,20130,Fabricación de plástico y caucho en formas primarias,,,,,,
187,20210,Fabricación de plaguicidas y otros productos químicos de uso agropecuario,,,,,,
188,20220,"Fabricación de pinturas, barnices y productos de revestimiento similares, tintas de imprenta y masillas",,,,,,
189,20231,"Fabricación de jabones, detergentes y similares para limpieza",,,,,,
190,20232,"Fabricación de perfumes, cosméticos y productos de higiene y cuidado personal, incluyendo tintes, champú, etc.",,,,,,
191,20291,"Fabricación de tintas y colores para escribir y pintar, fabricación de cintas para impresoras",,,,,,
192,20292,"Fabricación de productos pirotécnicos, explosivos y municiones",,,,,,
193,20299,Fabricación de productos químicos n.c.p.,,,,,,
194,20300,Fabricación de fibras artificiales,,,,,,
195,21001,"Manufactura de productos farmacéuticos, sustancias químicas y productos botánicos",,,,,,
196,21008,Maquilado de medicamentos,,,,,,
197,22110,"Fabricación de cubiertas y cámaras, renovación y recauchutado de cubiertas",,,,,,
198,22190,Fabricación de otros productos de caucho,,,,,,
199,22201,Fabricación de envases plásticos,,,,,,
200,22202,Fabricación de productos plásticos para uso personal o doméstico,,,,,,
201,22208,Maquila de plásticos,,,,,,
202,22209,Fabricación de productos plásticos n.c.p.,,,,,,
203,23101,Fabricación de vidrio,,,,,,
204,23102,Fabricación de recipientes y envases de vidrio,,,,,,
205,23108,Servicio de maquilado,,,,,,
206,23109,Fabricación de productos de vidrio ncp,,,,,,
207,23910,Fabricación de productos refractarios,,,,,,
208,23920,Fabricación de productos de arcilla para la construcción,,,,,,
209,23931,Fabricación de productos de cerámica y porcelana no refractaria,,,,,,
210,23932,Fabricación de productos de cerámica y porcelana ncp,,,,,,
211,23940,"Fabricación de cemento, cal y yeso",,,,,,
212,23950,"Fabricación de artículos de hormigón, cemento y yeso",,,,,,
213,23960,"Corte, tallado y acabado de la piedra",,,,,,
214,23990,Fabricación de productos minerales no metálicos ncp,,,,,,
215,24100,Industrias básicas de hierro y acero,,,,,,
216,24200,Fabricación de productos primarios de metales preciosos y metales no ferrosos,,,,,,
217,24310,Fundición de hierro y acero,,,,,,
218,24320,Fundición de metales no ferrosos,,,,,,
219,25111,Fabricación de productos metálicos para uso estructural,,,,,,
220,25118,Servicio de maquila para la fabricación de estructuras metálicas,,,,,,
221,25120,"Fabricación de tanques, depósitos y recipientes de metal",,,,,,
222,25130,"Fabricación de generadores de vapor, excepto calderas de agua caliente para calefacción central",,,,,,
223,25200,Fabricación de armas y municiones,,,,,,
224,25910,"Forjado, prensado, estampado y laminado de metales, pulvimetalurgia",,,,,,
225,25920,Tratamiento y revestimiento de metales,,,,,,
226,25930,"Fabricación de artículos de cuchillería, herramientas de mano y artículos de ferretería",,,,,,
227,25991,Fabricación de envases y artículos conexos de metal,,,,,,
228,25992,Fabricación de artículos metálicos de uso personal y/o doméstico,,,,,,
229,25999,Fabricación de productos elaborados de metal ncp,,,,,,
230,26100,Fabricación de componentes electrónicos,,,,,,
231,26200,Fabricación de computadoras y equipo conexo,,,,,,
232,26300,Fabricación de equipo de comunicaciones,,,,,,
233,26400,"Fabricación de aparatos electrónicos de consumo para audio, video radio y televisión",,,,,,
234,26510,"Fabricación de instrumentos y aparatos para medir, verificar, ensayar, navegar y de control de procesos industriales",,,,,,
235,26520,Fabricación de relojes y piezas de relojes,,,,,,
236,26600,Fabricación de equipo médico de irradiación y equipo electrónico de uso médico y terapéutico,,,,,,
237,26700,Fabricación de instrumentos de óptica y equipo fotográfico,,,,,,
238,26800,Fabricación de medios magnéticos y ópticos,,,,,,
239,27100,"Fabricación de motores, generadores, transformadores eléctricos, aparatos de distribución y control de electricidad",,,,,,
240,27200,"Fabricación de pilas, baterías y acumuladores",,,,,,
241,27310,Fabricación de cables de fibra óptica,,,,,,
242,27320,Fabricación de otros hilos y cables eléctricos,,,,,,
243,27330,Fabricación de dispositivos de cableados,,,,,,
244,27400,Fabricación de equipo eléctrico de iluminación,,,,,,
245,27500,Fabricación de aparatos de uso doméstico,,,,,,
246,27900,Fabricación de otros tipos de equipo eléctrico,,,,,,
247,28110,"Fabricación de motores y turbinas, excepto motores para aeronaves, vehículos automotores y motocicletas",,,,,,
248,28120,Fabricación de equipo hidráulico,,,,,,
249,28130,"Fabricación de otras bombas, compresores, grifos y válvulas",,,,,,
250,28140,"Fabricación de cojinetes, engranajes, trenes de engranajes y piezas de transmisión",,,,,,
251,28150,Fabricación de hornos y quemadores,,,,,,
252,28160,Fabricación de equipo de elevación y manipulación,,,,,,
253,28170,Fabricación de maquinaria y equipo de oficina,,,,,,
254,28180,Fabricación de herramientas manuales,,,,,,
255,28190,Fabricación de otros tipos de maquinaria de uso general,,,,,,
256,28210,Fabricación de maquinaria agropecuaria y forestal,,,,,,
257,28220,Fabricación de máquinas para conformar metales y maquinaria herramienta,,,,,,
258,28230,Fabricación de maquinaria metalúrgica,,,,,,
259,28240,Fabricación de maquinaria para la explotación de minas y canteras y para obras de construcción,,,,,,
260,28250,"Fabricación de maquinaria para la elaboración de alimentos, bebidas y tabaco",,,,,,
261,28260,"Fabricación de maquinaria para la elaboración de productos textiles, prendas de vestir y cueros",,,,,,
262,28291,Fabricación de máquinas para imprenta,,,,,,
263,28299,Fabricación de maquinaria de uso especial ncp,,,,,,
264,29100,Fabricación vehículos automotores,,,,,,
265,29200,"Fabricación de carrocerías para vehículos automotores, fabricación de remolques y semiremolques",,,,,,
266,29300,"Fabricación de partes, piezas y accesorios para vehículos automotores",,,,,,
267,30110,Fabricación de buques,,,,,,
268,30120,Construcción y reparación de embarcaciones de recreo,,,,,,
269,30200,Fabricación de locomotoras y de material rodante,,,,,,
270,30300,Fabricación de aeronaves y naves espaciales,,,,,,
271,30400,Fabricación de vehículos militares de combate,,,,,,
272,30910,Fabricación de motocicletas,,,,,,
273,30920,Fabricación de bicicletas y sillones de ruedas para inválidos,,,,,,
274,30990,Fabricación de equipo de transporte ncp,,,,,,
275,31001,Fabricación de colchones y somier,,,,,,
276,31002,Fabricación de muebles y otros productos de madera a medida,,,,,,
277,31008,Servicios de maquilado de muebles,,,,,,
278,31009,Fabricación de muebles ncp,,,,,,
279,32110,Fabricación de joyas platerías y joyerías,,,,,,
280,32120,Fabricación de joyas de imitación (fantasía) y artículos conexos,,,,,,
281,32200,Fabricación de instrumentos musicales,,,,,,
282,32301,Fabricación de artículos de deporte,,,,,,
283,32308,Servicio de maquila de productos deportivos,,,,,,
284,32401,Fabricación de juegos de mesa y de salón,,,,,,
285,32402,Servicio de maquilado de juguetes y juegos,,,,,,
286,32409,Fabricación de juegos y juguetes n.c.p.,,,,,,
287,32500,Fabricación de instrumentos y materiales médicos y odontológicos,,,,,,
288,32901,"Fabricación de lápices, bolígrafos, sellos y artículos de librería en general",,,,,,
289,32902,"Fabricación de escobas, cepillos, pinceles y similares",,,,,,
290,32903,Fabricación de artesanías de materiales diversos,,,,,,
291,32904,Fabricación de artículos de uso personal y domésticos n.c.p.,,,,,,
292,32905,Fabricación de accesorios para las confecciones y la marroquinería n.c.p.,,,,,,
293,32908,Servicios de maquila ncp,,,,,,
294,32909,Fabricación de productos manufacturados n.c.p.,,,,,,
295,33110,Reparación y mantenimiento de productos elaborados de metal,,,,,,
296,33120,Reparación y mantenimiento de maquinaria,,,,,,
297,33130,Reparación y mantenimiento de equipo electrónico y óptico,,,,,,
298,33140,Reparación y mantenimiento de equipo eléctrico,,,,,,
299,33150,"Reparación y mantenimiento de equipo de transporte, excepto vehículos automotores",,,,,,
300,33190,Reparación y mantenimiento de equipos n.c.p.,,,,,,
301,33200,Instalación de maquinaria y equipo industrial,,,,,,
302,35101,Generación de energía eléctrica,,,,,,
303,35102,Transmisión de energía eléctrica,,,,,,
304,35103,Distribución de energía eléctrica,,,,,,
305,35200,"Fabricación de gas, distribución de combustibles gaseosos por tuberías",,,,,,
306,35300,Suministro de vapor y agua caliente,,,,,,
307,36000,"Captación, tratamiento y suministro de agua",,,,,,
308,37000,Evacuación de aguas residuales (alcantarillado),,,,,,
309,38110,Recolección y transporte de desechos sólidos proveniente de hogares y sector urbano,,,,,,
310,38120,Recolección de desechos peligrosos,,,,,,
311,38210,Tratamiento y eliminación de desechos inicuos,,,,,,
312,38220,Tratamiento y eliminación de desechos peligrosos,,,,,,
313,38301,Reciclaje de desperdicios y desechos textiles,,,,,,
314,38302,Reciclaje de desperdicios y desechos de plástico y caucho,,,,,,
315,38303,Reciclaje de desperdicios y desechos de vidrio,,,,,,
316,38304,Reciclaje de desperdicios y desechos de papel y cartón,,,,,,
317,38305,Reciclaje de desperdicios y desechos metálicos,,,,,,
318,38309,Reciclaje de desperdicios y desechos no metálicos n.c.p.,,,,,,
319,39000,Actividades de Saneamiento y otros Servicios de Gestión de Desechos,,,,,,
320,41001,Construcción de edificios residenciales,,,,,,
321,41002,Construcción de edificios no residenciales,,,,,,
322,42100,"Construcción de carreteras, calles y caminos",,,,,,
323,42200,Construcción de proyectos de servicio público,,,,,,
324,42900,Construcción de obras de ingeniería civil n.c.p.,,,,,,
325,43110,Demolición,,,,,,
326,43120,Preparación de terreno,,,,,,
327,43210,Instalaciones eléctricas,,,,,,
328,43220,"Instalación de fontanería, calefacción y aire acondicionado",,,,,,
329,43290,Otras instalaciones para obras de construcción,,,,,,
330,43300,Terminación y acabado de edificios,,,,,,
331,43900,Otras actividades especializadas de construcción,,,,,,
332,43901,Fabricación de techos y materiales diversos,,,,,,
333,45100,Venta de vehículos automotores,,,,,,
334,45201,Reparación mecánica de vehículos automotores,,,,,,
335,45202,Reparaciones eléctricas del automotor y recarga de baterías,,,,,,
336,45203,Enderezado y pintura de vehículos automotores,,,,,,
337,45204,"Reparaciones de radiadores, escapes y silenciadores",,,,,,
338,45205,"Reparación y reconstrucción de vías, stop y otros artículos de fibra de vidrio",,,,,,
339,45206,Reparación de llantas de vehículos automotores,,,,,,
340,45207,Polarizado de vehículos (mediante la adhesión de papel especial a los vidrios),,,,,,
341,45208,Lavado y pasteado de vehículos (carwash),,,,,,
342,45209,Reparaciones de vehículos n.c.p.,,,,,,
343,45211,Remolque de vehículos automotores,,,,,,
344,45301,"Venta de partes, piezas y accesorios nuevos para vehículos automotores",,,,,,
345,45302,"Venta de partes, piezas y accesorios usados para vehículos automotores",,,,,,
346,45401,Venta de motocicletas,,,,,,
347,45402,"Venta de repuestos, piezas y accesorios de motocicletas",,,,,,
348,45403,Mantenimiento y reparación de motocicletas,,,,,,
349,46100,Venta al por mayor a cambio de retribución o por contrata,,,,,,
350,46201,Venta al por mayor de materias primas agrícolas,,,,,,
351,46202,Venta al por mayor de productos de la silvicultura,,,,,,
352,46203,Venta al por mayor de productos pecuarios y de granja,,,,,,
353,46211,Venta de productos para uso agropecuario,,,,,,
354,46291,"Venta al por mayor de granos básicos (cereales, leguminosas)",,,,,,
355,46292,Venta al por mayor de semillas mejoradas para cultivo,,,,,,
356,46293,Venta al por mayor de café oro y uva,,,,,,
357,46294,Venta al por mayor de caña de azúcar,,,,,,
358,46295,"Venta al por mayor de flores, plantas y otros productos naturales",,,,,,
359,46296,Venta al por mayor de productos agrícolas,,,,,,
360,46297,Venta al por mayor de ganado bovino (vivo),,,,,,
361,46298,"Venta al por mayor de animales porcinos, ovinos, caprino, canículas, apícolas, avícolas vivos",,,,,,
362,46299,Venta de otras especies vivas del reino animal,,,,,,
363,46301,Venta al por mayor de alimentos,,,,,,
364,46302,Venta al por mayor de bebidas,,,,,,
365,46303,Venta al por mayor de tabaco,,,,,,
366,46371,"Venta al por mayor de frutas, hortalizas (verduras), legumbres y tubérculos",,,,,,
367,46372,"Venta al por mayor de pollos, gallinas destazadas, pavos y otras aves",,,,,,
368,46373,"Venta al por mayor de carne bovina y porcina, productos de carne y embutidos",,,,,,
369,46374,Venta al por mayor de huevos,,,,,,
370,46375,Venta al por mayor de productos lácteos,,,,,,
371,46376,"Venta al por mayor de productos farináceos de panadería (pan dulce, cakes, repostería, etc.)",,,,,,
372,46377,"Venta al por mayor de pastas alimenticias, aceites y grasas comestibles vegetal y animal",,,,,,
373,46378,Venta al por mayor de sal comestible,,,,,,
374,46379,Venta al por mayor de azúcar,,,,,,
375,46391,"Venta al por mayor de abarrotes (vinos, licores, productos alimenticios envasados, etc.)",,,,,,
376,46392,Venta al por mayor de aguas gaseosas,,,,,,
377,46393,Venta al por mayor de agua purificada,,,,,,
378,46394,"Venta al por mayor de refrescos y otras bebidas, líquidas o en polvo",,,,,,
379,46395,Venta al por mayor de cerveza y licores,,,,,,
380,46396,Venta al por mayor de hielo,,,,,,
381,46411,"Venta al por mayor de hilados, tejidos y productos textiles de mercería",,,,,,
382,46412,Venta al por mayor de artículos textiles excepto confecciones para el hogar,,,,,,
383,46413,Venta al por mayor de confecciones textiles para el hogar,,,,,,
384,46414,Venta al por mayor de prendas de vestir y accesorios de vestir,,,,,,
385,46415,Venta al por mayor de ropa usada,,,,,,
386,46416,Venta al por mayor de calzado,,,,,,
387,46417,Venta al por mayor de artículos de marroquinería y talabartería,,,,,,
388,46418,Venta al por mayor de artículos de peletería,,,,,,
389,46419,Venta al por mayor de otros artículos textiles n.c.p.,,,,,,
390,46471,Venta al por mayor de instrumentos musicales,,,,,,
391,46472,"Venta al por mayor de colchones, almohadas, cojines, etc.",,,,,,
392,46473,Venta al por mayor de artículos de aluminio para el hogar y para otros usos,,,,,,
393,46474,"Venta al por mayor de depósitos y otros artículos plásticos para el hogar y otros usos, incluyendo los desechables de durapax y no desechables",,,,,,
394,46475,"Venta al por mayor de cámaras fotográficas, accesorios y materiales",,,,,,
395,46482,"Venta al por mayor de medicamentos, artículos y otros productos de uso veterinario",,,,,,
396,46483,Venta al por mayor de productos y artículos de belleza y de uso personal,,,,,,
397,46484,Venta de productos farmacéuticos y medicinales,,,,,,
398,46491,"Venta al por mayor de productos medicinales, cosméticos, perfumería y productos de limpieza",,,,,,
399,46492,Venta al por mayor de relojes y artículos de joyería,,,,,,
400,46493,"Venta al por mayor de electrodomésticos y artículos del hogar excepto bazar, artículos de iluminación",,,,,,
401,46494,Venta al por mayor de artículos de bazar y similares,,,,,,
402,46495,Venta al por mayor de artículos de óptica,,,,,,
403,46496,"Venta al por mayor de revistas, periódicos, libros, artículos de librería y artículos de papel y cartón en general",,,,,,
404,46497,"Venta de artículos deportivos, juguetes y rodados",,,,,,
405,46498,Venta al por mayor de productos usados para el hogar o el uso personal,,,,,,
406,46499,Venta al por mayor de enseres domésticos y de uso personal n.c.p.,,,,,,
407,46500,"Venta al por mayor de bicicletas, partes, accesorios y otros",,,,,,
408,46510,"Venta al por mayor de computadoras, equipo periférico y programas informáticos",,,,,,
409,46520,Venta al por mayor de equipos de comunicación,,,,,,
410,46530,"Venta al por mayor de maquinaria y equipo agropecuario, accesorios, partes y suministros",,,,,,
411,46590,Venta de equipos e instrumentos de uso profesional y científico y aparatos de medida y control,,,,,,
412,46591,"Venta al por mayor de maquinaria equipo, accesorios y materiales para la industria de la madera y sus productos",,,,,,
413,46592,"Venta al por mayor de maquinaria, equipo, accesorios y materiales para la industria gráfica y del papel, cartón y productos de papel y cartón",,,,,,
414,46593,"Venta al por mayor de maquinaria, equipo, accesorios y materiales para la industria de productos químicos, plástico y caucho",,,,,,
415,46594,"Venta al por mayor de maquinaria, equipo, accesorios y materiales para la industria metálica y de sus productos",,,,,,
416,46595,"Venta al por mayor de equipamiento para uso médico, odontológico, veterinario y servicios conexos",,,,,,
417,46596,"Venta al por mayor de maquinaria, equipo, accesorios y partes para la industria de la alimentación",,,,,,
418,46597,"Venta al por mayor de maquinaria, equipo, accesorios y partes para la industria textil, confecciones y cuero",,,,,,
419,46598,"Venta al por mayor de maquinaria, equipo y accesorios para la construcción y explotación de minas y canteras",,,,,,
420,46599,Venta al por mayor de otro tipo de maquinaria y equipo con sus accesorios y partes,,,,,,
421,46610,"Venta al por mayor de otros combustibles sólidos, líquidos, gaseosos y de productos conexos",,,,,,
422,46612,"Venta al por mayor de combustibles para automotores, aviones, barcos, maquinaria y otros",,,,,,
423,46613,"Venta al por mayor de lubricantes, grasas y otros aceites para automotores, maquinaria industrial, etc.",,,,,,
424,46614,Venta al por mayor de gas propano,,,,,,
425,46615,Venta al por mayor de leña y carbón,,,,,,
426,46620,Venta al por mayor de metales y minerales metalíferos,,,,,,
427,46631,"Venta al por mayor de puertas, ventanas, vitrinas y similares",,,,,,
428,46632,Venta al por mayor de artículos de ferretería y pinturerías,,,,,,
429,46633,Vidrierías,,,,,,
430,46634,Venta al por mayor de maderas,,,,,,
431,46639,Venta al por mayor de materiales para la construcción n.c.p.,,,,,,
432,46691,Venta al por mayor de sal industrial sin yodar,,,,,,
433,46692,Venta al por mayor de productos intermedios y desechos de origen textil,,,,,,
434,46693,Venta al por mayor de productos intermedios y desechos de origen metálico,,,,,,
435,46694,Venta al por mayor de productos intermedios y desechos de papel y cartón,,,,,,
436,46695,"Venta al por mayor fertilizantes, abonos, agroquímicos y productos similares",,,,,,
437,46696,Venta al por mayor de productos intermedios y desechos de origen plástico,,,,,,
438,46697,"Venta al por mayor de tintas para imprenta, productos curtientes y materias y productos colorantes",,,,,,
439,46698,Venta de productos intermedios y desechos de origen químico y de caucho,,,,,,
440,46699,Venta al por mayor de productos intermedios y desechos ncp,,,,,,
441,46701,Venta de algodón en oro,,,,,,
442,46900,Venta al por mayor de otros productos,,,,,,
443,46901,Venta al por mayor de cohetes y otros productos pirotécnicos,,,,,,
444,46902,Venta al por mayor de artículos diversos para consumo humano,,,,,,
445,46903,"Venta al por mayor de armas de fuego, municiones y accesorios",,,,,,
446,46904,Venta al por mayor de toldos y tiendas de campaña de cualquier material,,,,,,
447,46905,Venta al por mayor de exhibidores publicitarios y rótulos,,,,,,
448,46906,Venta al por mayor de artículos promocionales diversos,,,,,,
449,47111,Venta en supermercados,,,,,,
450,47112,Venta en tiendas de artículos de primera necesidad,,,,,,
451,47119,Almacenes (venta de diversos artículos),,,,,,
452,47190,Venta al por menor de otros productos en comercios no especializados,,,,,,
453,47199,"Venta de establecimientos no especializados con surtido compuesto principalmente de alimentos, bebidas y tabaco",,,,,,
454,47211,Venta al por menor de frutas y hortalizas,,,,,,
455,47212,"Venta al por menor de carnes, embutidos y productos de granja",,,,,,
456,47213,Venta al por menor de pescado y mariscos,,,,,,
457,47214,Venta al por menor de productos lácteos,,,,,,
458,47215,"Venta al por menor de productos de panadería, repostería y galletas",,,,,,
459,47216,Venta al por menor de huevos,,,,,,
460,47217,Venta al por menor de carnes y productos cárnicos,,,,,,
461,47218,Venta al por menor de granos básicos y otros,,,,,,
462,47219,Venta al por menor de alimentos n.c.p.,,,,,,
463,47221,Venta al por menor de hielo,,,,,,
464,47223,"Venta de bebidas no alcohólicas, para su consumo fuera del establecimiento",,,,,,
465,47224,"Venta de bebidas alcohólicas, para su consumo fuera del establecimiento",,,,,,
466,47225,Venta de bebidas alcohólicas para su consumo dentro del establecimiento,,,,,,
467,47230,Venta al por menor de tabaco,,,,,,
468,47300,"Venta de combustibles, lubricantes y otros (gasolineras)",,,,,,
469,47411,Venta al por menor de computadoras y equipo periférico,,,,,,
470,47412,Venta de equipo y accesorios de telecomunicación,,,,,,
471,47420,Venta al por menor de equipo de audio y video,,,,,,
472,47510,"Venta al por menor de hilados, tejidos y productos textiles de mercería, confecciones para el hogar y textiles n.c.p.",,,,,,
473,47521,Venta al por menor de productos de madera,,,,,,
474,47522,Venta al por menor de artículos de ferretería,,,,,,
475,47523,Venta al por menor de productos de pinturerías,,,,,,
476,47524,Venta al por menor en vidrierías,,,,,,
477,47529,Venta al por menor de materiales de construcción y artículos conexos,,,,,,
478,47530,"Venta al por menor de tapices, alfombras y revestimientos de paredes y pisos en comercios especializados",,,,,,
479,47591,Venta al por menor de muebles,,,,,,
480,47592,Venta al por menor de artículos de bazar,,,,,,
481,47593,"Venta al por menor de aparatos electrodomésticos, repuestos y accesorios",,,,,,
482,47594,Venta al por menor de artículos eléctricos y de iluminación,,,,,,
483,47598,Venta al por menor de instrumentos musicales,,,,,,
484,47610,"Venta al por menor de libros, periódicos y artículos de papelería en comercios especializados",,,,,,
485,47620,"Venta al por menor de discos láser, cassettes, cintas de video y otros",,,,,,
486,47630,Venta al por menor de productos y equipos de deporte,,,,,,
487,47631,"Venta al por menor de bicicletas, accesorios y repuestos",,,,,,
488,47640,Venta al por menor de juegos y juguetes en comercios especializados,,,,,,
489,47711,Venta al por menor de prendas de vestir y accesorios de vestir,,,,,,
490,47712,Venta al por menor de calzado,,,,,,
491,47713,"Venta al por menor de artículos de peletería, marroquinería y talabartería",,,,,,
492,47721,"Venta al por menor de medicamentos farmacéuticos y otros materiales y artículos de uso médico, odontológico y veterinario",,,,,,
493,47722,Venta al por menor de productos cosméticos y de tocador,,,,,,
494,47731,"Venta al por menor de productos de joyería, bisutería, óptica, relojería",,,,,,
495,47732,"Venta al por menor de plantas, semillas, animales y artículos conexos",,,,,,
496,47733,Venta al por menor de combustibles de uso doméstico (gas propano y gas licuado),,,,,,
497,47734,"Venta al por menor de artesanías, artículos cerámicos y recuerdos en general",,,,,,
498,47735,"Venta al por menor de ataúdes, lápidas y cruces, trofeos, artículos religiosos en general",,,,,,
499,47736,"Venta al por menor de armas de fuego, municiones y accesorios",,,,,,
500,47737,Venta al por menor de artículos de cohetería y pirotécnicos,,,,,,
501,47738,"Venta al por menor de artículos desechables de uso personal y doméstico (servilletas, papel higiénico, pañales, toallas sanitarias, etc.)",,,,,,
502,47739,Venta al por menor de otros productos n.c.p.,,,,,,
503,47741,Venta al por menor de artículos usados,,,,,,
504,47742,Venta al por menor de textiles y confecciones usados,,,,,,
505,47743,"Venta al por menor de libros, revistas, papel y cartón usados",,,,,,
506,47749,Venta al por menor de productos usados n.c.p.,,,,,,
507,47811,"Venta al por menor de frutas, verduras y hortalizas",,,,,,
508,47814,Venta al por menor de productos lácteos,,,,,,
509,47815,"Venta al por menor de productos de panadería, galletas y similares",,,,,,
510,47816,Venta al por menor de bebidas,,,,,,
511,47818,Venta al por menor en tiendas de mercado y puestos,,,,,,
512,47821,"Venta al por menor de hilados, tejidos y productos textiles de mercería en puestos de mercados y ferias",,,,,,
513,47822,Venta al por menor de artículos textiles excepto confecciones para el hogar en puestos de mercados y ferias,,,,,,
514,47823,Venta al por menor de confecciones textiles para el hogar en puestos de mercados y ferias,,,,,,
515,47824,"Venta al por menor de prendas de vestir, accesorios de vestir y similares en puestos de mercados y ferias",,,,,,
516,47825,Venta al por menor de ropa usada,,,,,,
517,47826,"Venta al por menor de calzado, artículos de marroquinería y talabartería en puestos de mercados y ferias",,,,,,
518,47827,Venta al por menor de artículos de marroquinería y talabartería en puestos de mercados y ferias,,,,,,
519,47829,Venta al por menor de artículos textiles ncp en puestos de mercados y ferias,,,,,,
520,47891,"Venta al por menor de animales, flores y productos conexos en puestos de feria y mercados",,,,,,
521,47892,"Venta al por menor de productos medicinales, cosméticos, de tocador y de limpieza en puestos de ferias y mercados",,,,,,
522,47893,Venta al por menor de artículos de bazar en puestos de ferias y mercados,,,,,,
523,47894,"Venta al por menor de artículos de papel, envases, libros, revistas y conexos en puestos de feria y mercados",,,,,,
524,47895,"Venta al por menor de materiales de construcción, electrodomésticos, accesorios para autos y similares en puestos de feria y mercados",,,,,,
525,47896,Venta al por menor de equipos accesorios para las comunicaciones en puestos de feria y mercados,,,,,,
526,47899,Venta al por menor en puestos de ferias y mercados n.c.p.,,,,,,
527,47910,Venta al por menor por correo o Internet,,,,,,
528,47990,"Otros tipos de venta al por menor no realizada, en almacenes, puestos de venta o mercado",,,,,,
529,49110,Transporte interurbano de pasajeros por ferrocarril,,,,,,
530,49120,Transporte de carga por ferrocarril,,,,,,
531,49211,Transporte de pasajeros urbanos e interurbano mediante buses,,,,,,
532,49212,Transporte de pasajeros interdepartamental mediante microbuses,,,,,,
533,49213,Transporte de pasajeros urbanos e interurbano mediante microbuses,,,,,,
534,49214,Transporte de pasajeros interdepartamental mediante buses,,,,,,
535,49221,Transporte internacional de pasajeros,,,,,,
536,49222,Transporte de pasajeros mediante taxis y autos con chofer,,,,,,
537,49223,Transporte escolar,,,,,,
538,49225,Transporte de pasajeros para excursiones,,,,,,
539,49226,Servicios de transporte de personal,,,,,,
540,49229,Transporte de pasajeros por vía terrestre ncp,,,,,,
541,49231,Transporte de carga urbano,,,,,,
542,49232,Transporte nacional de carga,,,,,,
543,49233,Transporte de carga internacional,,,,,,
544,49234,Servicios de mudanza,,,,,,
545,49235,Alquiler de vehículos de carga con conductor,,,,,,
546,49300,Transporte por oleoducto o gasoducto,,,,,,
547,50110,Transporte de pasajeros marítimo y de cabotaje,,,,,,
548,50120,Transporte de carga marítimo y de cabotaje,,,,,,
549,50211,Transporte de pasajeros por vías de navegación interiores,,,,,,
550,50212,Alquiler de equipo de transporte de pasajeros por vías de navegación interior con conductor,,,,,,
551,50220,Transporte de carga por vías de navegación interiores,,,,,,
552,51100,Transporte aéreo de pasajeros,,,,,,
553,51201,Transporte de carga por vía aérea,,,,,,
554,51202,Alquiler de equipo de aerotransporte con operadores para el propósito de transportar carga,,,,,,
555,52101,Alquiler de instalaciones de almacenamiento en zonas francas,,,,,,
556,52102,Alquiler de silos para conservación y almacenamiento de granos,,,,,,
557,52103,Alquiler de instalaciones con refrigeración para almacenamiento y conservación de alimentos y otros productos,,,,,,
558,52109,Alquiler de bodegas para almacenamiento y depósito n.c.p.,,,,,,
559,52211,Servicio de garaje y estacionamiento,,,,,,
560,52212,Servicios de terminales para el transporte por vía terrestre,,,,,,
561,52219,Servicios para el transporte por vía terrestre n.c.p.,,,,,,
562,52220,Servicios para el transporte acuático,,,,,,
563,52230,Servicios para el transporte aéreo,,,,,,
564,52240,Manipulación de carga,,,,,,
565,52290,Servicios para el transporte ncp,,,,,,
566,52291,Agencias de tramitaciones aduanales,,,,,,
567,53100,Servicios de correo nacional,,,,,,
568,53200,Actividades de correo distintas a las actividades postales nacionales,,,,,,
569,55101,Actividades de alojamiento para estancias cortas,,,,,,
570,55102,Hoteles,,,,,,
571,55200,"Actividades de campamentos, parques de vehículos de recreo y parques de caravanas",,,,,,
572,55900,Alojamiento n.c.p.,,,,,,
573,56101,Restaurantes,,,,,,
574,56106,Pupusería,,,,,,
575,56107,Actividades varias de restaurantes,,,,,,
576,56108,Comedores,,,,,,
577,56109,Merenderos ambulantes,,,,,,
578,56210,Preparación de comida para eventos especiales,,,,,,
579,56291,Servicios de provisión de comidas por contrato,,,,,,
580,56292,Servicios de concesión de cafetines y chalet en empresas e instituciones,,,,,,
581,56299,Servicios de preparación de comidas ncp,,,,,,
582,56301,Servicio de expendio de bebidas en salones y bares,,,,,,
583,56302,"Servicio de expendio de bebidas en puestos callejeros, mercados y ferias",,,,,,
584,58110,"Edición de libros, folletos, partituras y otras ediciones distintas a estas",,,,,,
585,58120,Edición de directorios y listas de correos,,,,,,
586,58130,"Edición de periódicos, revistas y otras publicaciones periódicas",,,,,,
587,58190,Otras actividades de edición,,,,,,
588,58200,Edición de programas informáticos (software),,,,,,
589,59110,Actividades de producción cinematográfica,,,,,,
590,59120,"Actividades de post producción de películas, videos y programas de televisión",,,,,,
591,59130,"Actividades de distribución de películas cinematográficas, videos y programas de televisión",,,,,,
592,59140,Actividades de exhibición de películas cinematográficas y cintas de vídeo,,,,,,
593,59200,Actividades de edición y grabación de música,,,,,,
594,60100,Servicios de difusiones de radio,,,,,,
595,60201,Actividades de programación y difusión de televisión abierta,,,,,,
596,60202,Actividades de suscripción y difusión de televisión por cable y/o suscripción,,,,,,
597,60299,"Servicios de televisión, incluye televisión por cable",,,,,,
598,60900,Programación y transmisión de radio y televisión,,,,,,
599,61101,Servicio de telefonía,,,,,,
600,61102,Servicio de Internet,,,,,,
601,61103,Servicio de telefonía fija,,,,,,
602,61109,Servicio de Internet n.c.p.,,,,,,
603,61201,Servicios de telefonía celular,,,,,,
604,61202,Servicios de Internet inalámbrico,,,,,,
605,61209,Servicios de telecomunicaciones inalámbrico n.c.p.,,,,,,
606,61301,Telecomunicaciones satelitales,,,,,,
607,61309,Comunicación vía satélite n.c.p.,,,,,,
608,61900,Actividades de telecomunicación n.c.p.,,,,,,
609,62010,Programación informática,,,,,,
610,62020,Consultorías y gestión de servicios informáticos,,,,,,
611,62090,Otras actividades de tecnología de información y servicios de computadora,,,,,,
612,63110,Procesamiento de datos y actividades relacionadas,,,,,,
613,63120,Portales WEB,,,,,,
614,63910,Servicios de Agencias de Noticias,,,,,,
615,63990,Otros servicios de información n.c.p.,,,,,,
616,64110,Servicios provistos por el Banco Central de El salvador,,,,,,
617,64190,Bancos,,,,,,
618,64192,Entidades dedicadas al envío de remesas,,,,,,
619,64199,Otras entidades financieras,,,,,,
620,64200,Actividades de sociedades de cartera,,,,,,
621,64300,"Fideicomisos, fondos y otras fuentes de financiamiento",,,,,,
622,64910,Arrendamientos financieros,,,,,,
623,64920,Asociaciones cooperativas de ahorro y crédito dedicadas a la intermediación financiera,,,,,,
624,64921,Instituciones emisoras de tarjetas de crédito y otros,,,,,,
625,64922,Tipos de crédito ncp,,,,,,
626,64928,Prestamistas y casas de empeño,,,,,,
627,64990,"Actividades de servicios financieros, excepto la financiación de planes de seguros y de pensiones n.c.p.",,,,,,
628,65110,Planes de seguros de vida,,,,,,
629,65120,Planes de seguro excepto de vida,,,,,,
630,65199,Seguros generales de todo tipo,,,,,,
631,65200,Planes se seguro,,,,,,
632,65300,Planes de pensiones,,,,,,
633,66110,Administración de mercados financieros (Bolsa de Valores),,,,,,
634,66120,Actividades bursátiles (Corredores de Bolsa),,,,,,
635,66190,Actividades auxiliares de la intermediación financiera ncp,,,,,,
636,66210,Evaluación de riesgos y daños,,,,,,
637,66220,Actividades de agentes y corredores de seguros,,,,,,
638,66290,Otras actividades auxiliares de seguros y fondos de pensiones,,,,,,
639,66300,Actividades de administración de fondos,,,,,,
640,68101,Servicio de alquiler y venta de lotes en cementerios,,,,,,
641,68109,Actividades inmobiliarias realizadas con bienes propios o arrendados n.c.p.,,,,,,
642,68200,Actividades Inmobiliarias Realizadas a Cambio de una Retribución o por Contrata,,,,,,
643,69100,Actividades jurídicas,,,,,,
644,69200,"Actividades de contabilidad, teneduría de libros y auditoría, asesoramiento en materia de impuestos",,,,,,
645,70100,Actividades de oficinas centrales de sociedades de cartera,,,,,,
646,70200,Actividades de consultoría en gestión empresarial,,,,,,
647,71101,Servicios de arquitectura y planificación urbana y servicios conexos,,,,,,
648,71102,Servicios de ingeniería,,,,,,
649,71103,"Servicios de agrimensura, topografía, cartografía, prospección y geofísica y servicios conexos",,,,,,
650,71200,Ensayos y análisis técnicos,,,,,,
651,72100,Investigaciones y desarrollo experimental en el campo de las ciencias naturales y la ingeniería,,,,,,
652,72199,Investigaciones científicas,,,,,,
653,72200,Investigaciones y desarrollo experimental en el campo de las ciencias sociales y las humanidades científica y desarrollo,,,,,,
654,73100,Publicidad,,,,,,
655,73200,Investigación de mercados y realización de encuestas de opinión pública,,,,,,
656,74100,Actividades de diseño especializado,,,,,,
657,74200,Actividades de fotografía,,,,,,
658,74900,Servicios profesionales y científicos ncp,,,,,,
659,75000,Actividades veterinarias,,,,,,
660,77101,Alquiler de equipo de transporte terrestre,,,,,,
661,77102,Alquiler de equipo de transporte acuático,,,,,,
662,77103,Alquiler de equipo de transporte por vía aérea,,,,,,
663,77210,Alquiler y arrendamiento de equipo de recreo y deportivo,,,,,,
664,77220,Alquiler de cintas de video y discos,,,,,,
665,77290,Alquiler de otros efectos personales y enseres domésticos,,,,,,
666,77300,Alquiler de maquinaria y equipo,,,,,,
667,77400,Arrendamiento de productos de propiedad intelectual,,,,,,
668,78100,Obtención y dotación de personal,,,,,,
669,78200,Actividades de las agencias de trabajo temporal,,,,,,
670,78300,"Dotación de recursos humanos y gestión, gestión de las funciones de recursos humanos",,,,,,
671,79110,"Actividades de agencias de viajes y organizadores de viajes, actividades de asistencia a turistas",,,,,,
672,79120,Actividades de los operadores turísticos,,,,,,
673,79900,Otros servicios de reservas y actividades relacionadas,,,,,,
674,80100,Servicios de seguridad privados,,,,,,
675,80201,Actividades de servicios de sistemas de seguridad,,,,,,
676,80202,Actividades para la prestación de sistemas de seguridad,,,,,,
677,80300,Actividades de investigación,,,,,,
678,81100,Actividades combinadas de mantenimiento de edificios e instalaciones,,,,,,
679,81210,Limpieza general de edificios,,,,,,
680,81290,Otras actividades combinadas de mantenimiento de edificios e instalaciones ncp,,,,,,
681,81300,Servicio de jardinería,,,,,,
682,82110,Servicios administrativos de oficinas,,,,,,
683,82190,"Servicio de fotocopiado y similares, excepto en imprentas",,,,,,
684,82200,Actividades de las centrales de llamadas (call center),,,,,,
685,82300,Organización de convenciones y ferias de negocios,,,,,,
686,82910,Actividades de agencias de cobro y oficinas de crédito,,,,,,
687,82921,Servicios de envase y empaque de productos alimenticios,,,,,,
688,82922,Servicios de envase y empaque de productos medicinales,,,,,,
689,82929,Servicio de envase y empaque ncp,,,,,,
690,82990,Actividades de apoyo empresariales ncp,,,,,,
691,84110,Actividades de la Administración Pública en general,,,,,,
692,84111,Alcaldías municipales,,,,,,
693,84120,"Regulación de las actividades de prestación de servicios sanitarios, educativos, culturales y otros servicios sociales, excepto seguridad social",,,,,,
694,84130,Regulación y facilitación de la actividad económica,,,,,,
695,84210,Actividades de administración y funcionamiento del Ministerio de Relaciones Exteriores,,,,,,
696,84220,Actividades de defensa,,,,,,
697,84230,Actividades de mantenimiento del orden público y de seguridad,,,,,,
698,84300,Actividades de planes de seguridad social de afiliación obligatoria,,,,,,
699,85101,Guardería educativa,,,,,,
700,85102,Enseñanza preescolar o parvularia,,,,,,
701,85103,Enseñanza primaria,,,,,,
702,85104,Servicio de educación preescolar y primaria integrada,,,,,,
703,85211,"Enseñanza secundaria tercer ciclo (7°, 8° y 9°)",,,,,,
704,85212,Enseñanza secundaria de formación general bachillerato,,,,,,
705,85221,Enseñanza secundaria de formación técnica y profesional,,,,,,
706,85222,Enseñanza secundaria de formación técnica y profesional integrada con enseñanza primaria,,,,,,
707,85301,Enseñanza superior universitaria,,,,,,
708,85302,Enseñanza superior no universitaria,,,,,,
709,85303,Enseñanza superior integrada a educación secundaria y/o primaria,,,,,,
710,85410,Educación deportiva y recreativa,,,,,,
711,85420,Educación cultural,,,,,,
712,85490,Otros tipos de enseñanza n.c.p.,,,,,,
713,85499,Enseñanza formal,,,,,,
714,85500,Servicios de apoyo a la enseñanza,,,,,,
715,86100,Actividades de hospitales,,,,,,
716,86201,Clínicas médicas,,,,,,
717,86202,Servicios de Odontología,,,,,,
718,86203,Servicios médicos,,,,,,
719,86901,Servicios de análisis y estudios de diagnóstico,,,,,,
720,86902,Actividades de atención de la salud humana,,,,,,
721,86909,Otros Servicio relacionados con la salud ncp,,,,,,
722,87100,Residencias de ancianos con atención de enfermería,,,,,,
723,87200,"Instituciones dedicadas al tratamiento del retraso mental, problemas de salud mental y el uso indebido de sustancias nocivas",,,,,,
724,87300,Instituciones dedicadas al cuidado de ancianos y discapacitados,,,,,,
725,87900,Actividades de asistencia a niños y jóvenes,,,,,,
726,87901,Otras actividades de atención en instituciones,,,,,,
727,88100,Actividades de asistencia sociales sin alojamiento para ancianos y discapacitados,,,,,,
728,88900,Servicios sociales sin alojamiento ncp,,,,,,
729,90000,Actividades creativas artísticas y de esparcimiento,,,,,,
730,91010,Actividades de bibliotecas y archivos,,,,,,
731,91020,Actividades de museos y preservación de lugares y edificios históricos,,,,,,
732,91030,"Actividades de jardines botánicos, zoológicos y de reservas naturales",,,,,,
733,92000,Actividades de juegos y apuestas,,,,,,
734,93110,Gestión de instalaciones deportivas,,,,,,
735,93120,Actividades de clubes deportivos,,,,,,
736,93190,Otras actividades deportivas,,,,,,
737,93210,Actividades de parques de atracciones y parques temáticos,,,,,,
738,93291,Discotecas y salas de baile,,,,,,
739,93298,Centros vacacionales,,,,,,
740,93299,Actividades de esparcimiento ncp,,,,,,
741,94110,Actividades de organizaciones empresariales y de empleadores,,,,,,
742,94120,Actividades de organizaciones profesionales,,,,,,
743,94200,Actividades de sindicatos,,,,,,
744,94910,Actividades de organizaciones religiosas,,,,,,
745,94920,Actividades de organizaciones políticas,,,,,,
746,94990,Actividades de asociaciones n.c.p.,,,,,,
747,95110,Reparación de computadoras y equipo periférico,,,,,,
748,95120,Reparación de equipo de comunicación,,,,,,
749,95210,Reparación de aparatos electrónicos de consumo,,,,,,
750,95220,Reparación de aparatos doméstico y equipo de hogar y jardín,,,,,,
751,95230,Reparación de calzado y artículos de cuero,,,,,,
752,95240,Reparación de muebles y accesorios para el hogar,,,,,,
753,95291,Reparación de Instrumentos musicales,,,,,,
754,95292,Servicios de cerrajería y copiado de llaves,,,,,,
755,95293,Reparación de joyas y relojes,,,,,,
756,95294,"Reparación de bicicletas, sillas de ruedas y rodados n.c.p.",,,,,,
757,95299,Reparaciones de enseres personales n.c.p.,,,,,,
758,96010,"Lavado y limpieza de prendas de tela y de piel, incluso la limpieza en seco",,,,,,
759,96020,Peluquería y otros tratamientos de belleza,,,,,,
760,96030,Pompas fúnebres y actividades conexas,,,,,,
761,96091,Servicios de sauna y otros servicios para la estética corporal n.c.p.,,,,,,
762,96092,Servicios n.c.p.,,,,,,
763,97000,Actividad de los hogares en calidad de empleadores de personal doméstico,,,,,,
764,98100,Actividades indiferenciadas de producción de bienes de los hogares privados para uso propio,,,,,,
765,98200,Actividades indiferenciadas de producción de servicios de los hogares privados para uso propio,,,,,,
766,99000,Actividades de organizaciones y órganos extraterritoriales,,,,,,
767,10001,Empleados,,,,,,
768,10002,Jubilado,,,,,,
769,10003,Estudiante,,,,,,
770,10004,Desempleado,,,,,,
771,10005,Otros,,,,,,
